날짜,지점,평균기온(℃),최저기온(℃),최고기온(℃)
	2020-07-11,119,26,21,30.6
	2020-07-12,119,23.2,20.8,25.6
	2020-07-13,119,19,18.3,20.8
	2020-07-14,119,20.8,17.6,23.9
	2020-07-15,119,22.3,18.7,27.9
	2020-07-16,119,23.3,18,29
	2020-07-17,119,24.4,20.4,29.8
	2020-07-18,119,25.2,20.5,30
	2020-07-19,119,25.1,20.5,28.1
	2020-07-20,119,24,22.5,27.8
	2020-07-21,119,24.7,21.5,29.9
	2020-07-22,119,22.6,21.7,23.7
	2020-07-23,119,21.6,19.7,23.1
	2020-07-24,119,23.3,20.3,27.2
	2020-07-25,119,25.2,22.4,29.4
	2020-07-26,119,25,22.5,29.2
	2020-07-27,119,24.6,22.6,27.1
	2020-07-28,119,24.2,22.8,25.7
	2020-07-29,119,24.7,23.2,27.8
	2020-07-30,119,24.8,22.6,28.3
	2020-07-31,119,25.9,22.5,30
	2020-08-01,119,26.2,24,29.2
	2020-08-02,119,25.2,23.3,28.1
	2020-08-03,119,25,23,26.8
	2020-08-04,119,27.4,23.8,30.4
	2020-08-05,119,27,25.2,29.1
	2020-08-06,119,24.3,22.8,26.2
	2020-08-07,119,24.2,22.4,25.9
	2020-08-08,119,24,22.7,25
	2020-08-09,119,25.3,24.1,27.7
	2020-08-10,119,26.6,24.9,30.5
	2020-08-11,119,25.4,23.5,28.3
	2020-08-12,119,27.2,23.4,30.9
	2020-08-13,119,28.2,25.9,32.1
	2020-08-14,119,27.7,26.3,29.9
	2020-08-15,119,26.7,25.1,29.3
	2020-08-16,119,27.5,24.7,31.6
	2020-08-17,119,28.1,25.1,32.8
	2020-08-18,119,26.9,23.1,32.2
	2020-08-19,119,26.7,22.8,32.1
	2020-08-20,119,27.4,23.3,33
	2020-08-21,119,27.6,23.8,31.4
	2020-08-22,119,25,22,29.4
	2020-08-23,119,25.7,21.7,30.4
	2020-08-24,119,27.7,22.5,32
	2020-08-25,119,29.7,24.6,34.9
	2020-08-26,119,30.3,26.8,34.2
	2020-08-27,119,27.9,25.9,30
	2020-08-28,119,27.7,25.5,30.9
	2020-08-29,119,26.4,24.9,28.9
	2020-08-30,119,26.8,24.8,30.9
	2020-08-31,119,27.4,24.5,30.8
	2020-09-01,119,26.1,23.5,29.7
	2020-09-02,119,24.3,22.8,26
	2020-09-03,119,22.7,19.7,26.3
	2020-09-04,119,23.1,19.1,27.4
	2020-09-05,119,23.3,19.3,27.5
	2020-09-06,119,21.4,18.9,25
	2020-09-07,119,19.5,16.7,22.4
	2020-09-08,119,23.3,21,26.9
	2020-09-09,119,20.5,17.6,25.3
	2020-09-10,119,22.3,18.1,27.6
	2020-09-11,119,22.2,18.5,26.3
	2020-09-12,119,20,17.8,22.1
	2020-09-13,119,21.3,16.8,26.6
	2020-09-14,119,21,16.1,26
	2020-09-15,119,22.6,18.7,27.4
	2020-09-16,119,21.8,19.7,25.4
	2020-09-17,119,20.8,18.8,24
	2020-09-18,119,21.2,17.7,26
	2020-09-19,119,19.8,15.7,26.3
	2020-09-20,119,18.6,13.5,24.9
	2020-09-21,119,18.3,12.6,24.6
	2020-09-22,119,19.9,15,25.1
	2020-09-23,119,19.4,15.7,23.5
	2020-09-24,119,21.1,17.6,25.7
	2020-09-25,119,20.6,14.9,25.5
	2020-09-26,119,20,15.7,24.9
	2020-09-27,119,20,15.4,26
	2020-09-28,119,19.6,14.1,26
	2020-09-29,119,18.9,13.9,24.4
	2020-09-30,119,18.8,14.6,24.9
	2020-10-01,119,18.7,15.1,24.3
	2020-10-02,119,19.2,14.5,23.8
	2020-10-03,119,19.6,16.9,23.8
	2020-10-04,119,17.1,11.5,22
	2020-10-05,119,13.6,7.4,18.3
	2020-10-06,119,13.7,7.5,19.8
	2020-10-07,119,15.4,8.6,21.7
	2020-10-08,119,17.3,10.8,23.4
	2020-10-09,119,17.3,10.2,23.5
	2020-10-10,119,16.6,10.3,21.5
	2020-10-11,119,16.2,12.9,20.6
	2020-10-12,119,15.4,11.5,21.2
	2020-10-13,119,12.4,6,18.2
	2020-10-14,119,12.9,8.2,19.5
	2020-10-15,119,11.2,6,18.4
	2020-10-16,119,11.6,6.5,16.1
	2020-10-17,119,12.5,7.9,18.6
	2020-10-18,119,12.6,5.7,19.5
	2020-10-19,119,14,7.1,21
	2020-10-20,119,13.8,7.3,21.6
	2020-10-21,119,14,9.9,17.3
	2020-10-22,119,13.2,8.1,18.8
	2020-10-23,119,8.7,5.1,12.9
	2020-10-24,119,8.5,3.1,14.1
	2020-10-25,119,10.8,3.7,18
	2020-10-26,119,11.4,5,18.9
	2020-10-27,119,12.6,6.6,19.5
	2020-10-28,119,13.6,9.3,19
	2020-10-29,119,9.5,2.2,16.4
	2020-10-30,119,10.4,3.1,19
	2020-10-31,119,12.9,5.7,18.6
	2020-11-01,119,12.9,11.7,13.8
	2020-11-02,119,10.7,5.8,16.2
	2020-11-03,119,5.4,2.5,9
	2020-11-04,119,4.9,-0.4,10.7
	2020-11-05,119,8.6,0.7,15.5
	2020-11-06,119,12.9,8.6,16.8
	2020-11-07,119,13.3,9,17.5
	2020-11-08,119,8.3,3.7,12.4
	2020-11-09,119,5.9,0.9,9.8
	2020-11-10,119,6.7,-0.1,13.3
	2020-11-11,119,7.9,0.8,16.4
	2020-11-12,119,9,1.8,17.8
	2020-11-13,119,10.2,4.8,17
	2020-11-14,119,10.6,3.6,18.8
	2020-11-15,119,9.9,4.5,16.7
	2020-11-16,119,11.5,5.4,17.9
	2020-11-17,119,16,10.5,19.9
	2020-11-18,119,17.3,14.5,19.7
	2020-11-19,119,14.2,7.8,20.7
	2020-11-20,119,3.5,-0.5,7.8
	2020-11-21,119,6.7,-1.2,12.7
	2020-11-22,119,6,1.7,9.2
	2020-11-23,119,1.8,-0.8,5.8
	2020-11-24,119,3.4,-1.3,8.4
	2020-11-25,119,4.2,-1.4,10.4
	2020-11-26,119,5.4,0.8,11
	2020-11-27,119,4.3,0.5,7.5
	2020-11-28,119,0.4,-1.8,3.7
	2020-11-29,119,-0.3,-3.2,2.8
	2020-11-30,119,-0.3,-5,4.7
	2020-12-01,119,1.6,-4.2,6.5
	2020-12-02,119,3.2,0.4,8
	2020-12-03,119,1.3,-2,5
	2020-12-04,119,-0.3,-4.9,5.2
	2020-12-05,119,1.9,-3,7
	2020-12-06,119,3.5,-0.2,9
	2020-12-07,119,3.4,-0.7,7.5
	2020-12-08,119,-0.7,-4,4.5
	2020-12-09,119,1,-6.4,5.8
	2020-12-10,119,5.5,2.4,9.5
	2020-12-11,119,4.9,0.2,9.8
	2020-12-12,119,2.4,-1.4,6.8
	2020-12-13,119,-0.9,-5.3,2.2
	2020-12-14,119,-6.7,-8.7,-4.3
	2020-12-15,119,-6.9,-9.7,-3.6
	2020-12-16,119,-7,-9.9,-3.1
	2020-12-17,119,-5.3,-11.5,0.7
	2020-12-18,119,-1.5,-6,2.4
	2020-12-19,119,-4.6,-9,-1
	2020-12-20,119,-3.9,-9.8,1.6
	2020-12-21,119,-1.6,-7.3,4.1
	2020-12-22,119,1.6,-3.5,6.5
	2020-12-23,119,3.6,-3,9.2
	2020-12-24,119,2.5,-1.5,6.5
	2020-12-25,119,-1,-5.5,3.8
	2020-12-26,119,1.6,-2.9,8.5
	2020-12-27,119,4.7,-0.1,9.1
	2020-12-28,119,5.3,1.4,11.4
	2020-12-29,119,-0.3,-5.4,4.2
	2020-12-30,119,-10,-12.5,-5.4
	2020-12-31,119,-8.7,-12.6,-4.4
	2021-01-01,119,-4.6,-10.4,0
	2021-01-02,119,-4.5,-8.4,-0.8
	2021-01-03,119,-5.5,-10.1,-0.4
	2021-01-04,119,-3.6,-10.4,0.6
	2021-01-05,119,-4.9,-9.3,-0.8
	2021-01-06,119,-7.2,-12.4,-1.9
	2021-01-07,119,-13.8,-15.9,-8.3
	2021-01-08,119,-14.4,-18.4,-10.7
	2021-01-09,119,-12.7,-18.6,-7.7
	2021-01-10,119,-8.9,-16.8,-2.7
	2021-01-11,119,-7.6,-12.5,-3.6
	2021-01-12,119,-3.9,-11,0.7
	2021-01-13,119,1.7,-4.9,8.7
	2021-01-14,119,1.5,-5.3,7.6
	2021-01-15,119,4,-1.6,11.3
	2021-01-16,119,-4.2,-7.3,-0.7
	2021-01-17,119,-5.3,-11.1,-1.4
	2021-01-18,119,-3.2,-8.2,1.6
	2021-01-19,119,-6.6,-12.1,-0.5
	2021-01-20,119,-0.4,-8.6,7.4
	2021-01-21,119,4.5,-0.2,8.3
	2021-01-22,119,5.7,3.9,7.5
	2021-01-23,119,7.9,1.9,12.1
	2021-01-24,119,6.9,1.3,13.1
	2021-01-25,119,6.9,0.6,14.2
	2021-01-26,119,4.2,1,6.6
	2021-01-27,119,1.5,-2.4,6.2
	2021-01-28,119,-2.6,-8.6,1.6
	2021-01-29,119,-8.1,-11,-4.6
	2021-01-30,119,-0.8,-8.4,6.6
	2021-01-31,119,3.6,-5.8,10.5
	2021-02-01,119,5,-1.3,9.9
	2021-02-02,119,-4.8,-6.9,-1.2
	2021-02-03,119,-3.2,-10.3,1.7
	2021-02-04,119,-3.8,-8,0.8
	2021-02-05,119,0.5,-6.4,6.6
	2021-02-06,119,6.1,0.8,10.2
	2021-02-07,119,3.2,-2.2,7.2
	2021-02-08,119,-2.6,-4.6,0.6
	2021-02-09,119,-1.3,-7.4,4
	2021-02-10,119,2.3,-3.4,7.4
	2021-02-11,119,4,-1.3,11.3
	2021-02-12,119,4.9,-1.6,14.1
	2021-02-13,119,4.9,-3.2,15.7
	2021-02-14,119,8.1,2.4,14
	2021-02-15,119,1,-4.1,6.6
	2021-02-16,119,-4.8,-6.7,-2.5
	2021-02-17,119,-7.9,-9.8,-5
	2021-02-18,119,-5.5,-9.9,-0.8
	2021-02-19,119,1.4,-8.1,9.3
	2021-02-20,119,7,0,14.4
	2021-02-21,119,10.8,1.7,18.5
	2021-02-22,119,6.6,0.6,12.7
	2021-02-23,119,0.2,-2.5,4.1
	2021-02-24,119,2.1,-2.1,10.2
	2021-02-25,119,3.4,-2.2,8.6
	2021-02-26,119,8.1,-1.3,15.6
	2021-02-27,119,8.8,3.5,14.6
	2021-02-28,119,7.3,0.9,10.7
	2021-03-01,119,5,0.5,8.1
	2021-03-02,119,2.4,-0.6,6.8
	2021-03-03,119,3.4,-2.1,9.5
	2021-03-04,119,6.7,0.4,12.2
	2021-03-05,119,7.3,1,16
	2021-03-06,119,7,4,12.6
	2021-03-07,119,5.7,2.2,10.8
	2021-03-08,119,5,-1.2,13.3
	2021-03-09,119,5.3,-0.5,11.7
	2021-03-10,119,7.2,-0.3,16.8
	2021-03-11,119,8.6,1.5,17.3
	2021-03-12,119,9.4,6.8,12.9
	2021-03-13,119,8.1,2.7,14.2
	2021-03-14,119,7.3,1.6,13.4
	2021-03-15,119,10,2.3,16.1
	2021-03-16,119,7.6,4.5,12.5
	2021-03-17,119,7.1,0.5,16.8
	2021-03-18,119,9.9,1.2,18.8
	2021-03-19,119,13.9,9,19.4
	2021-03-20,119,8.8,6,13.5
	2021-03-21,119,5.8,3.6,8.9
	2021-03-22,119,5.8,1,11.1
	2021-03-23,119,8.7,1.5,16.5
	2021-03-24,119,9.9,4,17.5
	2021-03-25,119,10.5,5.4,18.8
	2021-03-26,119,11.9,4.3,21.2
	2021-03-27,119,11.5,6.7,15.6
	2021-03-28,119,9.4,7.5,13.4
	2021-03-29,119,9.8,5.7,15.4
	2021-03-30,119,9.6,1.6,18.3
	2021-03-31,119,12.6,2.2,22.9
	2021-04-01,119,16.8,7.9,23.8
	2021-04-02,119,17.5,12.9,22.3
	2021-04-03,119,15.4,11.8,18.6
	2021-04-04,119,12.2,9.9,15.8
	2021-04-05,119,11.3,5.8,18.3
	2021-04-06,119,12.1,6.1,18.6
	2021-04-07,119,12.4,5,20.3
	2021-04-08,119,11.5,4.8,17.5
	2021-04-09,119,12.4,4,19
	2021-04-10,119,11.7,7.7,17.7
	2021-04-11,119,13.9,4.7,22.4
	2021-04-12,119,13.5,11.7,17.5
	2021-04-13,119,9.4,6,13.4
	2021-04-14,119,7.9,3,13.1
	2021-04-15,119,10.6,4.3,17.9
	2021-04-16,119,10.2,6,14.8
	2021-04-17,119,9,3.8,14.1
	2021-04-18,119,9.3,5.5,14.3
	2021-04-19,119,11.5,4.6,18.6
	2021-04-20,119,13.3,5.8,21.4
	2021-04-21,119,17.8,7.5,28.6
	2021-04-22,119,20.2,14.1,27.6
	2021-04-23,119,20.1,16.4,23.1
	2021-04-24,119,17.4,12.1,23
	2021-04-25,119,17.3,9.2,24.1
	2021-04-26,119,15.5,11,21.4
	2021-04-27,119,15,9.5,20.1
	2021-04-28,119,14.4,11.3,19.2
	2021-04-29,119,14.7,10,20.2
	2021-04-30,119,10.7,7.9,14.4
	2021-05-01,119,10.6,8.6,14.2
	2021-05-02,119,11.7,7.8,17.8
	2021-05-03,119,13.1,6.3,20.3
	2021-05-04,119,15.1,10.1,18.1
	2021-05-05,119,13.7,9.8,18.2
	2021-05-06,119,15.3,6.2,23.1
	2021-05-07,119,13.3,10.1,17.3
	2021-05-08,119,13.8,8,21.3
	2021-05-09,119,14.3,7.7,21.3
	2021-05-10,119,11.8,8.6,14.1
	2021-05-11,119,18.2,9.6,24.6
	2021-05-12,119,20.5,15.6,27.2
	2021-05-13,119,20.9,13.7,29
	2021-05-14,119,21.8,15.1,30.4
	2021-05-15,119,20.9,18.5,23.2
	2021-05-16,119,19.1,15.9,21.2
	2021-05-17,119,15.2,13.4,16.3
	2021-05-18,119,16.9,12.7,23.9
	2021-05-19,119,18.9,10.6,26.2
	2021-05-20,119,18.1,14.5,23.4
	2021-05-21,119,15.1,12.9,16.9
	2021-05-22,119,17.5,12.1,23.6
	2021-05-23,119,18.7,11.8,25.4
	2021-05-24,119,17.8,13.7,24.2
	2021-05-25,119,14.8,11.9,18.6
	2021-05-26,119,17.7,11.1,23.8
	2021-05-27,119,15.3,13,17.7
	2021-05-28,119,14.8,11.8,20.3
	2021-05-29,119,16.2,12.2,20.9
	2021-05-30,119,18.7,10.5,27.4
	2021-05-31,119,20.4,16.8,24.9
	2021-06-01,119,21.5,17.4,25.3
	2021-06-02,119,23.1,16,30
	2021-06-03,119,18.8,14.1,22.7
	2021-06-04,119,18.1,12.6,24.1
	2021-06-05,119,20.1,15.7,25.9
	2021-06-06,119,22.3,18,27.5
	2021-06-07,119,21.3,16.8,26.2
	2021-06-08,119,23.1,18.7,28.8
	2021-06-09,119,25.7,19.6,32.3
	2021-06-10,119,24.9,19.9,31.4
	2021-06-11,119,21.5,18.8,25.7
	2021-06-12,119,22.7,17,29
	2021-06-13,119,22.1,17.5,28.9
	2021-06-14,119,22.2,16.9,29.7
	2021-06-15,119,22.8,20.2,26.2
	2021-06-16,119,24.8,19.9,29.7
	2021-06-17,119,21.7,20,24.2
	2021-06-18,119,19.8,18.7,21.4
	2021-06-19,119,21.9,17.6,27.4
	2021-06-20,119,22.8,16.6,29.6
	2021-06-21,119,23,18.3,28.4
	2021-06-22,119,23.4,18.6,28.5
	2021-06-23,119,22.2,19.7,26.2
	2021-06-24,119,22.6,18.7,27.9
	2021-06-25,119,23.3,17.9,28.8
	2021-06-26,119,23,20.3,27.4
	2021-06-27,119,25.1,19.8,31.1
	2021-06-28,119,23.7,21.3,29.6
	2021-06-29,119,23.5,20.7,28.6
	2021-06-30,119,24,20.2,28.9
	2021-07-01,119,26.2,20.4,32.1
	2021-07-02,119,27.4,23.2,31.9
	2021-07-03,119,23.4,20.7,26.8
	2021-07-04,119,22,20.5,24.7
	2021-07-05,119,23.8,20.2,27.4
	2021-07-06,119,25.2,21,29.5
	2021-07-07,119,25.7,23,29
	2021-07-08,119,25.3,22.4,30.8
	2021-07-09,119,25.1,22.5,29.6
	2021-07-10,119,26.1,22.4,30
	2021-07-11,119,26.1,24,29.4
	2021-07-12,119,27.5,23.3,32.9
	2021-07-13,119,28.8,25.2,32.7
	2021-07-14,119,29.3,24.9,33.5
	2021-07-15,119,28.7,25.2,34.5
	2021-07-16,119,28.2,23.5,34.8
	2021-07-17,119,28.1,23.1,32.8
	2021-07-18,119,28.5,23.2,34.3
	2021-07-19,119,26.8,23.8,32.3
	2021-07-20,119,28.6,23.4,32.8
	2021-07-21,119,30.1,24.6,35.7
	2021-07-22,119,30.4,25.9,35.8
	2021-07-23,119,30.4,26.5,35.7
	2021-07-24,119,30.4,25.5,36.3
	2021-07-25,119,30.9,26.2,35.3
	2021-07-26,119,30.3,26.8,35.1
	2021-07-27,119,30.3,26,35.7
	2021-07-28,119,29.3,26,34.3
	2021-07-29,119,28.4,25.1,33.7
	2021-07-30,119,29.7,24.4,35.4
	2021-07-31,119,29,26.4,33.9
	2021-08-01,119,26.8,24.6,29.1
	2021-08-02,119,25.9,24.3,29.1
	2021-08-03,119,27.4,23.3,31.3
	2021-08-04,119,28.5,25.3,33.4
	2021-08-05,119,29.1,24.9,34.4
	2021-08-06,119,28.3,25,33.6
	2021-08-07,119,27.3,22.4,32.4
	2021-08-08,119,27.1,23.7,32.2
	2021-08-09,119,28.2,22.6,34.4
	2021-08-10,119,27.7,24.8,32.4
	2021-08-11,119,26.8,24,32
	2021-08-12,119,27.4,23.1,31.8
	2021-08-13,119,27.1,23.7,30
	2021-08-14,119,26.7,24.4,30.6
	2021-08-15,119,26.8,22.6,32.6
	2021-08-16,119,27.3,23.1,31.7
	2021-08-17,119,25.8,22.4,31.2
	2021-08-18,119,23.8,20,30.2
	2021-08-19,119,25.9,21,31.5
	2021-08-20,119,25.9,21.7,30.4
	2021-08-21,119,24,22.2,28.1
	2021-08-22,119,24.5,22.1,27.5
	2021-08-23,119,22.3,20.9,24.3
	2021-08-24,119,24.1,21.8,26.8
	2021-08-25,119,24.3,23,25.8
	2021-08-26,119,25.4,22.6,28.3
	2021-08-27,119,22.3,19.5,25.4
	2021-08-28,119,23,19.2,27.4
	2021-08-29,119,22.5,19,27.2
	2021-08-30,119,23.9,20.9,27.6
	2021-08-31,119,21.1,18.7,24.5
	2021-09-01,119,21.4,19.3,23.5
	2021-09-02,119,23.4,21.2,26.9
	2021-09-03,119,24.7,20.1,29.7
	2021-09-04,119,23.7,18.7,27.8
	2021-09-05,119,22.9,18,26.7
	2021-09-06,119,21.7,17.7,26.3
	2021-09-07,119,20.6,18,22.7
	2021-09-08,119,21.9,19,27.1
	2021-09-09,119,22.9,18.3,29.1
	2021-09-10,119,23.5,19.9,28.9
	2021-09-11,119,23.8,19.5,29.7
	2021-09-12,119,23.8,18.6,29.9
	2021-09-13,119,25,20.3,29.8
	2021-09-14,119,23.9,19.6,28
	2021-09-15,119,23.8,19.1,29.5
	2021-09-16,119,23,17.7,27.5
	2021-09-17,119,23.7,21,27.8
	2021-09-18,119,22.9,16.7,29.6
	2021-09-19,119,23.5,19.9,28.5
	2021-09-20,119,23.8,19,28.2
	2021-09-21,119,22.6,20.4,26.5
	2021-09-22,119,20.4,18,25.5
	2021-09-23,119,20.1,15.5,24.8
	2021-09-24,119,22,15.5,27.2
	2021-09-25,119,21.6,17.9,24.2
	2021-09-26,119,22.8,19.1,27.3
	2021-09-27,119,21.8,19,25.2
	2021-09-28,119,21.6,19.8,25.3
	2021-09-29,119,20.6,17.4,22.7
	2021-09-30,119,20.5,15.8,27.1
	2021-10-01,119,20.7,15.4,27.8
	2021-10-02,119,20.5,16,26.4
	2021-10-03,119,22,16.8,28.7
	2021-10-04,119,23.3,17.4,27.2
	2021-10-05,119,24.3,22.3,28.1
	2021-10-06,119,21.1,19.3,23.4
	2021-10-07,119,20.1,18.2,23
	2021-10-08,119,19.9,18,21.7
	2021-10-09,119,22.8,19.5,27
	2021-10-10,119,20.8,15.6,26.3
	2021-10-11,119,16.7,13.3,19.4
	2021-10-12,119,17.8,16,19.4
	2021-10-13,119,19.5,14.1,25
	2021-10-14,119,19,15.5,23.9
	2021-10-15,119,19,17.2,21.8
	2021-10-16,119,11.6,5.3,18.1
	2021-10-17,119,6,1.4,11.4
	2021-10-18,119,10.3,1.8,16.3
	2021-10-19,119,10.9,6.3,16.3
	2021-10-20,119,9,3.5,15.8
	2021-10-21,119,9.3,3.7,16.1
	2021-10-22,119,10.1,2.9,17
	2021-10-23,119,10.2,3.7,18.1
	2021-10-24,119,10.6,4.1,18.1
	2021-10-25,119,10.7,4.7,17.9
	2021-10-26,119,12.1,5.4,18.5
	2021-10-27,119,13,9.3,18.6
	2021-10-28,119,11.8,4.3,20
	2021-10-29,119,14.2,9.2,20.3
	2021-10-30,119,14.2,10.4,19.2
	2021-10-31,119,13.6,7.5,19.7
	2021-11-01,119,12,8.3,17.3
	2021-11-02,119,10.9,6.4,16.7
	2021-11-03,119,11.4,5.5,17
	2021-11-04,119,11.6,7.5,17.4
	2021-11-05,119,11.9,5.3,20.4
	2021-11-06,119,13.3,6.6,21.8
	2021-11-07,119,15.1,6.2,21.4
	2021-11-08,119,9.1,4.4,16.6
	2021-11-09,119,5.2,3.5,7.2
	2021-11-10,119,4.8,0.3,8.8
	2021-11-11,119,5.8,1.9,9.7
	2021-11-12,119,4.9,0.8,9.2
	2021-11-13,119,7.6,0.7,13.9
	2021-11-14,119,10.9,6.6,16.8
	2021-11-15,119,8.9,3.7,15.5
	2021-11-16,119,7.8,3.1,14.2
	2021-11-17,119,7.1,1.2,12.8
	2021-11-18,119,11.1,5.7,16.9
	2021-11-19,119,12.4,9,17.4
	2021-11-20,119,10.1,6.7,15.9
	2021-11-21,119,10,6.4,14.5
	2021-11-22,119,3.9,0.1,7.7
	2021-11-23,119,0.4,-2.9,2.2
	2021-11-24,119,2.7,-2.5,7
	2021-11-25,119,5.9,2.2,11
	2021-11-26,119,3.1,-1.5,9.4
	2021-11-27,119,2.5,-2.8,10
	2021-11-28,119,3.9,-3.2,12.1
	2021-11-29,119,6.7,-0.1,13.3
	2021-11-30,119,6.1,1.7,9.5
	2021-12-01,119,-0.2,-2.5,1.8
	2021-12-02,119,1.4,-4.9,6.1
	2021-12-03,119,2.6,0,4.9
	2021-12-04,119,1.4,-3.3,7.2
	2021-12-05,119,2.1,-4,9.8
	2021-12-06,119,4.7,-2.5,12.7
	2021-12-07,119,5.7,0.4,13
	2021-12-08,119,5.8,0,13.6
	2021-12-09,119,6.5,0.2,11.4
	2021-12-10,119,7.4,5.1,10.1
	2021-12-11,119,5.6,2.6,9.9
	2021-12-12,119,1.8,-3.3,5.8
	2021-12-13,119,-1.8,-5.6,2.1
	2021-12-14,119,3.8,-1.5,7.5
	2021-12-15,119,6.4,3.2,10.8
	2021-12-16,119,5.5,1.8,10.3
	2021-12-17,119,-4.5,-9,4
	2021-12-18,119,-4.5,-11.1,-0.5
	2021-12-19,119,-0.8,-7,4
	2021-12-20,119,5.4,-1.1,11.5
	2021-12-21,119,4.8,0.8,10.5
	2021-12-22,119,1.5,-3.4,8.3
	2021-12-23,119,1.8,-3.8,8.9
	2021-12-24,119,0,-6.4,4.5
	2021-12-25,119,-10.4,-13.6,-6.4
	2021-12-26,119,-10.8,-14.3,-6.4
	2021-12-27,119,-7.5,-13.2,-3.4
	2021-12-28,119,-3.2,-8.7,1.1
	2021-12-29,119,0.8,-4.7,6.3
	2021-12-30,119,-3.1,-6.1,0
	2021-12-31,119,-5.8,-7.9,-3
	2022-01-01,119,-4.4,-11.7,1.8
	2022-01-02,119,-1.4,-5.6,3.5
	2022-01-03,119,-2.4,-9.5,3.1
	2022-01-04,119,-2,-6.4,1.9
	2022-01-05,119,-2.7,-9.5,2.8
	2022-01-06,119,-2.3,-7,4.1
	2022-01-07,119,-3,-8.7,4.2
	2022-01-08,119,-0.3,-7.5,5
	2022-01-09,119,0.4,-4.1,5.1
	2022-01-10,119,-0.2,-5.4,4.9
	2022-01-11,119,-6.3,-9.6,0.3
	2022-01-12,119,-6.9,-11.4,-2.7
	2022-01-13,119,-5.2,-7.9,-2.4
	2022-01-14,119,-4.7,-9.1,1.1
	2022-01-15,119,-0.3,-6,3.7
	2022-01-16,119,-1.8,-5.8,3.8
	2022-01-17,119,-5,-9.5,0
	2022-01-18,119,-5.4,-9.7,0.2
	2022-01-19,119,-5.3,-9,-1.7
	2022-01-20,119,-5,-11.4,1.5
	2022-01-21,119,-3.5,-10.7,5.1
	2022-01-22,119,0.1,-6.1,6
	2022-01-23,119,1.6,-2.4,7.9
	2022-01-24,119,4.2,-4.4,9.6
	2022-01-25,119,2.9,1.6,5.2
	2022-01-26,119,0.9,-2.9,6
	2022-01-27,119,-0.8,-4.3,3.7
	2022-01-28,119,-2.4,-5.3,2.3
	2022-01-29,119,-3.4,-8.1,1.2
	2022-01-30,119,-3.1,-9.6,2.8
	2022-01-31,119,-0.9,-9.1,4.9
	2022-02-01,119,-0.8,-2.7,1.4
	2022-02-02,119,-2.4,-4.2,0.3
	2022-02-03,119,-3,-7.3,1.7
	2022-02-04,119,-4.1,-8.2,-0.3
	2022-02-05,119,-5.7,-8.9,-0.9
	2022-02-06,119,-3.4,-9.7,2
	2022-02-07,119,-2.5,-9.1,2.3
	2022-02-08,119,-0.6,-5.8,5.8
	2022-02-09,119,0.3,-7.2,7.1
	2022-02-10,119,1,-4.5,6.8
	2022-02-11,119,2.1,-3.8,8.7
	2022-02-12,119,3.6,-2.2,10.4
	2022-02-13,119,4,-1.2,10.6
	2022-02-14,119,1.9,-2.9,9.6
	2022-02-15,119,-4.1,-7.1,-0.4
	2022-02-16,119,-6.6,-8.9,-4
	2022-02-17,119,-6.4,-9.7,-1.2
	2022-02-18,119,-1.6,-10,5.4
	2022-02-19,119,-0.9,-5.5,4
	2022-02-20,119,-4.3,-7.8,-0.7
	2022-02-21,119,-2.4,-7.9,4.4
	2022-02-22,119,-3.9,-7,0.4
	2022-02-23,119,-5.1,-9.3,-1.3
	2022-02-24,119,-2.8,-10.6,3.2
	2022-02-25,119,2.9,-5.1,9.1
	2022-02-26,119,5.1,1.3,10
	2022-02-27,119,3.8,-2.8,9.3
	2022-02-28,119,5.7,-0.9,11.5
	2022-03-01,119,4.3,-0.3,8.8
	2022-03-02,119,2.7,-3.3,8.4
	2022-03-03,119,4.7,-1.1,11.8
	2022-03-04,119,6.9,-1.3,15.9
	2022-03-05,119,2.8,-0.2,6
	2022-03-06,119,1.5,-1.4,5.6
	2022-03-07,119,2,-4.2,8.8
	2022-03-08,119,4.7,-2.1,12.2
	2022-03-09,119,5.9,0,13.7
	2022-03-10,119,8.2,0.5,16
	2022-03-11,119,10.1,2.2,18.4
	2022-03-12,119,13,3.6,20.5
	2022-03-13,119,11.8,8.5,15.2
	2022-03-14,119,8.7,3.9,14.4
	2022-03-15,119,6.4,0.9,13.6
	2022-03-16,119,9,1.7,16.5
	2022-03-17,119,10.9,7.7,14.9
	2022-03-18,119,8.2,6.5,10.8
	2022-03-19,119,3.4,1.1,6.5
	2022-03-20,119,4.5,1.4,8.6
	2022-03-21,119,4.7,-1.8,9.9
	2022-03-22,119,6.2,0.1,12.9
	2022-03-23,119,5.6,2.8,8.3
	2022-03-24,119,8,2.3,14.1
	2022-03-25,119,12.4,4.4,18.7
	2022-03-26,119,10.8,6.8,14.3
	2022-03-27,119,7.3,3,12.8
	2022-03-28,119,7,0.3,14.2
	2022-03-29,119,9.1,1.5,16.3
	2022-03-30,119,10.3,4.4,14.9
	2022-03-31,119,10.5,6.9,15.2
	2022-04-01,119,8.5,4,14.5
	2022-04-02,119,6.9,1.5,13.7
	2022-04-03,119,8.2,1.3,16.2
	2022-04-04,119,8.9,2.1,16
	2022-04-05,119,9.5,1.6,16.4
	2022-04-06,119,10.6,6.9,16.9
	2022-04-07,119,10.2,6,15
	2022-04-08,119,12.5,3.6,20.9
	2022-04-09,119,17.2,9.7,24
	2022-04-10,119,17,8.8,25.1
	2022-04-11,119,18.7,11.6,26.2
	2022-04-12,119,17.8,13.7,24.8
	2022-04-13,119,11.6,9.8,14.1
	2022-04-14,119,11.1,8.3,14.3
	2022-04-15,119,11.5,7.3,17.3
	2022-04-16,119,11.4,4.6,18.3
	2022-04-17,119,12.2,4.5,20.7
	2022-04-18,119,13.6,9,20.8
	2022-04-19,119,13.2,6.1,21.4
	2022-04-20,119,13.8,6,21.7
	2022-04-21,119,14.9,7,22.8
	2022-04-22,119,15.1,12.3,19
	2022-04-23,119,16.3,8.5,25.2
	2022-04-24,119,17.6,11.6,24.6
	2022-04-25,119,19.9,16.4,24.7
	2022-04-26,119,19.4,15.5,24.7
	2022-04-27,119,16,11.3,22.1
	2022-04-28,119,16.1,9.8,24.7
	2022-04-29,119,13.4,10.3,17.1
	2022-04-30,119,12.8,9.4,18
	2022-05-01,119,12.8,6.4,18.6
	2022-05-02,119,13.2,8.8,18.6
	2022-05-03,119,14,7.6,20.9
	2022-05-04,119,16.5,7.7,25.3
	2022-05-05,119,17.3,8.9,24.8
	2022-05-06,119,18.4,11.4,24.9
	2022-05-07,119,16.7,13.5,23
	2022-05-08,119,15.2,11.3,18
	2022-05-09,119,16.7,11.1,24.4
	2022-05-10,119,18.1,10.7,25.3
	2022-05-11,119,17.9,13.7,23.3
	2022-05-12,119,19.1,12.4,26.9
	2022-05-13,119,18.5,14.4,23.5
	2022-05-14,119,14.7,9.9,18.7
	2022-05-15,119,14.5,7.7,20.9
	2022-05-16,119,16.4,8.5,23.4
	2022-05-17,119,19.3,12.2,26.7
	2022-05-18,119,20.4,14.4,26.5
	2022-05-19,119,19.7,15.3,23.1
	2022-05-20,119,19.7,13.2,25.3
	2022-05-21,119,19.1,15.7,24.5
	2022-05-22,119,19.6,15,25.1
	2022-05-23,119,21.6,16.8,29.6
	2022-05-24,119,20.9,14.3,28.8
	2022-05-25,119,19.7,15,25.4
	2022-05-26,119,18.2,13.8,23.3
	2022-05-27,119,19.1,15.6,23.9
	2022-05-28,119,21.5,13.6,29
	2022-05-29,119,21.9,16.1,28.8
	2022-05-30,119,19.7,15.2,23.8
	2022-05-31,119,19.5,11.9,26.6
	2022-06-01,119,21.1,14.9,28.8
	2022-06-02,119,19.9,13.7,25.7
	2022-06-03,119,23.1,18.7,30.9
	2022-06-04,119,24.5,18.2,28.9
	2022-06-05,119,21.5,18.7,25.3
	2022-06-06,119,19.5,16.7,23.8
	2022-06-07,119,19.9,15,24.3
	2022-06-08,119,20.6,16.5,25.3
	2022-06-09,119,20.7,17.2,25.9
	2022-06-10,119,21.3,16.5,27.3
	2022-06-11,119,24.3,16.4,31.6
	2022-06-12,119,23.7,19.4,29.7
	2022-06-13,119,24.7,19.9,29.9
	2022-06-14,119,21.2,17.4,26.1
	2022-06-15,119,17.9,14.9,21.4
	2022-06-16,119,19.9,17.1,25
	2022-06-17,119,21.7,15.6,26.1
	2022-06-18,119,23.1,21.5,26.3
	2022-06-19,119,23.4,21.6,25.7
	2022-06-20,119,24.6,20.9,30.3
	2022-06-21,119,24.6,19.5,31.4
	2022-06-22,119,24.4,20.8,30.1
	2022-06-23,119,24.3,21.2,28.8
	2022-06-24,119,23.3,19.7,26.4
	2022-06-25,119,26.4,21.5,31.7
	2022-06-26,119,27.1,24.7,29.6
	2022-06-27,119,27.8,25.1,29.8
	2022-06-28,119,28.4,27.7,29.8
	2022-06-29,119,25.6,24.3,28
	2022-06-30,119,23.8,21.4,27.4
	2022-07-01,119,27.3,23.4,31.4
	2022-07-02,119,27.9,23.3,33.7
	2022-07-03,119,28.5,22.9,34.3
	2022-07-04,119,28.7,25.2,32.6
	2022-07-05,119,28.1,24.7,32.8
	2022-07-06,119,29.6,25.1,34.5
	2022-07-07,119,29,25.9,32.1
	2022-07-08,119,26.6,24.2,30.2
	2022-07-09,119,26.2,23.2,31.3
	2022-07-10,119,28.3,23.2,34.8
	2022-07-11,119,26.6,22.4,30.6
	2022-07-12,119,27.5,24.1,30.3
	2022-07-13,119,24.9,23.7,27.9
	2022-07-14,119,24.9,22.6,29
	2022-07-15,119,25.5,21.9,29.9
	2022-07-16,119,25.4,22.6,29.4
	2022-07-17,119,25.4,22.1,30
	2022-07-18,119,25.8,23.2,28.9
	2022-07-19,119,26.2,22.9,30.4
	2022-07-20,119,27,24.1,31.5
	2022-07-21,119,23.6,21.1,26.2
	2022-07-22,119,25.3,22.8,28.4
	2022-07-23,119,24.6,22.1,28.1
	2022-07-24,119,25.6,22.8,29.2
	2022-07-25,119,26.7,23.5,31.2
	2022-07-26,119,28.3,23,33.8
	2022-07-27,119,28,24.4,31.6
	2022-07-28,119,28.7,24.9,33.7
	2022-07-29,119,30.6,25.8,35
	2022-07-30,119,31.1,27.4,35.2
	2022-07-31,119,27.5,25.4,29.7
	2022-08-01,119,28.7,25.2,32.8
	2022-08-02,119,27.3,26.2,29.8
	2022-08-03,119,27.8,24.9,31.2
	2022-08-04,119,28.7,25.9,33
	2022-08-05,119,28.7,26.1,32.2
	2022-08-06,119,28.5,26.6,32.1
	2022-08-07,119,29.2,26.7,32.9
	2022-08-08,119,27.5,24.5,29.4
	2022-08-09,119,26.1,23.2,28.5
	2022-08-10,119,23.5,21.9,26
	2022-08-11,119,24.4,23.4,26.4
	2022-08-12,119,26.4,22.6,32
	2022-08-13,119,25.4,23.4,26.8
	2022-08-14,119,27.1,24.8,31.5
	2022-08-15,119,28.4,26,31.2
	2022-08-16,119,26.2,22.7,30.3
	2022-08-17,119,25.3,21.7,30.8
	2022-08-18,119,25.1,21.7,30.2
	2022-08-19,119,26.2,22.1,28.9
	2022-08-20,119,27.3,24.5,30.8
	2022-08-21,119,27.4,23.7,33
	2022-08-22,119,26.4,21.9,30.9
	2022-08-23,119,24.9,21.2,29.9
	2022-08-24,119,24.5,20.7,28.2
	2022-08-25,119,22.1,20.2,25.3
	2022-08-26,119,23.2,18.3,28.3
	2022-08-27,119,21.7,18.4,25.6
	2022-08-28,119,22.2,14.8,28.8
	2022-08-29,119,20.9,18.7,22.6
	2022-08-30,119,19.3,17.8,20.6
	2022-08-31,119,21.3,19.5,24
	2022-09-01,119,23.7,17.5,30.8
	2022-09-02,119,24.6,20.1,29.7
	2022-09-03,119,24.3,19.9,28.8
	2022-09-04,119,23.4,21.1,26.4
	2022-09-05,119,19.9,18.1,23
	2022-09-06,119,20.9,17.5,26.1
	2022-09-07,119,21.7,17.6,28.1
	2022-09-08,119,22.2,15.5,29.7
	2022-09-09,119,23.5,17.6,30.7
	2022-09-10,119,23.3,18.2,27.8
	2022-09-11,119,22.8,20.4,26.6
	2022-09-12,119,23.6,19.1,28.4
	2022-09-13,119,24.5,21.6,27.2
	2022-09-14,119,25,22.3,28.9
	2022-09-15,119,25.4,21.9,28.7
	2022-09-16,119,26,23.1,31.2
	2022-09-17,119,25.5,23.3,30.2
	2022-09-18,119,27.3,23.1,32
	2022-09-19,119,25,19.6,29.8
	2022-09-20,119,19.5,15.5,24
	2022-09-21,119,19,11.9,25.1
	2022-09-22,119,19.2,15.1,24.6
	2022-09-23,119,16.9,13.6,23.1
	2022-09-24,119,17.7,11.1,24.4
	2022-09-25,119,19.3,14.6,25.2
	2022-09-26,119,19.4,14.2,26.6
	2022-09-27,119,19.9,12.6,28.1
	2022-09-28,119,19.9,15,26.1
	2022-09-29,119,19.2,15.1,26.5
	2022-09-30,119,19.9,13.5,28.1
	2022-10-01,119,19.5,13.9,27.4
	2022-10-02,119,19.9,16.5,23.4
	2022-10-03,119,22.5,18.4,24.5
	2022-10-04,119,18.9,14.5,23.7
	2022-10-05,119,16.2,12.6,21.4
	2022-10-06,119,16.8,14.1,20.8
	2022-10-07,119,14.5,10.7,18.8
	2022-10-08,119,15.8,9.9,21.5
	2022-10-09,119,13.5,11.3,15.5
	2022-10-10,119,10,8.7,13.3
	2022-10-11,119,10.7,6.4,16.4
	2022-10-12,119,12.7,5.3,20.9
	2022-10-13,119,15.6,9.9,22.9
	2022-10-14,119,16.3,10.7,23.3
	2022-10-15,119,17.7,11.9,25.1
	2022-10-16,119,17.1,14.4,20.7
	2022-10-17,119,11.6,6.9,15.3
	2022-10-18,119,9.1,4.8,14
	2022-10-19,119,9.7,2.5,16.7
	2022-10-20,119,12.1,4.5,19.6
	2022-10-21,119,13,7.6,19.9
	2022-10-22,119,14.5,8.3,20.6
	2022-10-23,119,13.7,10.1,18.3
	2022-10-24,119,10.2,6,14.5
	2022-10-25,119,11.3,4.4,17.4
	2022-10-26,119,12.9,8.6,18.3
	2022-10-27,119,12.5,6.3,19.4
	2022-10-28,119,13.1,8.5,19.4
	2022-10-29,119,13.7,7.7,21.3
	2022-10-30,119,14.1,8.3,21
	2022-10-31,119,14.8,11.2,20.5
	2022-11-01,119,12.7,8.1,19.3
	2022-11-02,119,10,3.6,17.8
	2022-11-03,119,9.3,4.7,13.9
	2022-11-04,119,5.4,1.9,10.2
	2022-11-05,119,5.8,-1,13.1
	2022-11-06,119,8.8,2.8,15.8
	2022-11-07,119,10.7,3.6,16.8
	2022-11-08,119,11.9,7,17.9
	2022-11-09,119,10.3,5.1,16.7
	2022-11-10,119,12.2,6.6,19.2
	2022-11-11,119,14.4,7.5,22.1
	2022-11-12,119,15.8,9.2,22
	2022-11-13,119,10.9,9.3,17.2
	2022-11-14,119,9.7,5.6,13.9
	2022-11-15,119,7.5,2.9,12.3
	2022-11-16,119,8.4,3.6,14.4
	2022-11-17,119,9.9,5.3,16.6
	2022-11-18,119,10,3.8,18.4
	2022-11-19,119,12.4,4.8,18.8
	2022-11-20,119,12.9,7.9,19.9
	2022-11-21,119,11.6,6.8,17.8
	2022-11-22,119,10.7,5.9,15.3
	2022-11-23,119,11,6.5,15.8
	2022-11-24,119,9.1,4.7,15
	2022-11-25,119,10.8,4.9,16.9
	2022-11-26,119,6.1,-0.1,12.5
	2022-11-27,119,4.8,-2.8,12.6
	2022-11-28,119,11.8,4.7,15.9
	2022-11-29,119,6.6,-1.3,13
	2022-11-30,119,-5.4,-7.9,-1.2
	2022-12-01,119,-5.6,-9.2,-2.3
	2022-12-02,119,-3.5,-8.8,1.2
	2022-12-03,119,1.7,-1.7,6.5
	2022-12-04,119,-3.6,-5.9,-0.7
	2022-12-05,119,-3.8,-6.3,0.6
	2022-12-06,119,-1.1,-6.3,3.7
	2022-12-07,119,3.1,-0.6,7.8
	2022-12-08,119,1.4,-3.8,8.4
	2022-12-09,119,2.6,-2.2,9.6
	2022-12-10,119,0.2,-4,5.8
	2022-12-11,119,0.2,-4.1,6.3
	2022-12-12,119,0.9,-5.6,5.7
	2022-12-13,119,-0.5,-6.9,2.6
	2022-12-14,119,-8.7,-11.2,-5.5
	2022-12-15,119,-5,-9.5,-0.4
	2022-12-16,119,-7.3,-11.3,-3.9
	2022-12-17,119,-8.1,-11.3,-4.2
	2022-12-18,119,-10.5,-14.4,-6.8
	2022-12-19,119,-8.4,-14.6,-3.2
	2022-12-20,119,-4.3,-12.2,1.1
	2022-12-21,119,-0.5,-3,2.3
	2022-12-22,119,-7.8,-11.4,-2.8
	2022-12-23,119,-11.6,-13.8,-8.9
	2022-12-24,119,-9.7,-13.7,-4
	2022-12-25,119,-6.8,-12.9,-0.7
	2022-12-26,119,-5.6,-10.9,0.6
	2022-12-27,119,-4.1,-10.4,2.6
	2022-12-28,119,-4.3,-7.9,-0.3
	2022-12-29,119,-4.6,-10.7,0.3
	2022-12-30,119,-3.4,-7.6,1
	2022-12-31,119,-3,-8.7,3.2
	2023-01-01,119,-2.1,-6.6,3.5
	2023-01-02,119,-5.6,-9.1,-1.7
	2023-01-03,119,-6.3,-11.4,-0.2
	2023-01-04,119,-3.1,-9.2,2.5
	2023-01-05,119,-3.6,-9,2.1
	2023-01-06,119,-0.9,-7.8,4.1
	2023-01-07,119,0.5,-3.8,3
	2023-01-08,119,0.2,-6,4.9
	2023-01-09,119,2.3,-3,6.8
	2023-01-10,119,-0.2,-6.3,7.2
	2023-01-11,119,0.2,-4.9,7.4
	2023-01-12,119,4.7,-4,12.6
	2023-01-13,119,7.1,4.2,9.4
	2023-01-14,119,4.9,3.2,6.7
	2023-01-15,119,-1.5,-3.7,3.3
	2023-01-16,119,-5.2,-7.4,-1
	2023-01-17,119,-3,-7.5,0.2
	2023-01-18,119,-2.1,-5.2,2.8
	2023-01-19,119,-0.1,-7,5.2
	2023-01-20,119,-2.4,-7.5,3.1
	2023-01-21,119,-4,-10.4,1.2
	2023-01-22,119,-0.1,-2.3,3.4
	2023-01-23,119,-0.5,-5.5,5.4
	2023-01-24,119,-13.4,-16.3,-5.6
	2023-01-25,119,-10.8,-16.7,-5
	2023-01-26,119,-5.8,-8.7,-3.1
	2023-01-27,119,-7.3,-10.5,-3.2
	2023-01-28,119,-5.6,-11.6,-0.4
	2023-01-29,119,-1.8,-9.1,5.3
	2023-01-30,119,-1.3,-6.1,3.9
	2023-01-31,119,2.1,-5.8,9.4
	2023-02-01,119,1.2,-2.2,5.6
	2023-02-02,119,-2.5,-5.1,1.4
	2023-02-03,119,-2,-4.9,3.1
	2023-02-04,119,-1.6,-7.1,5.2
	2023-02-05,119,-0.1,-5.8,7.2
	2023-02-06,119,1.8,-4.3,9.1
	2023-02-07,119,1.7,-3,8.6
	2023-02-08,119,0.5,-3.7,7.3
	2023-02-09,119,3.5,-5,9.7
	2023-02-10,119,3.4,-0.6,7.8
	2023-02-11,119,1.3,-3.4,7.8
	2023-02-12,119,2.9,-3.6,8
	2023-02-13,119,5.8,2.2,9.6
	2023-02-14,119,1.4,-2.8,5.9
	2023-02-15,119,2.8,-0.8,7.6
	2023-02-16,119,1.5,-2.5,5.4
	2023-02-17,119,2.9,-3.1,9.8
	2023-02-18,119,5.8,2.2,9.3
	2023-02-19,119,2.8,-1.8,6.2
	2023-02-20,119,-0.6,-3.8,3.1
	2023-02-21,119,-1.6,-5.1,4.1
	2023-02-22,119,0,-6.2,7.4
	2023-02-23,119,1.6,-3.9,8.5
	2023-02-24,119,2.7,-1.3,8.7
	2023-02-25,119,0.8,-3.4,5.5
	2023-02-26,119,1.2,-5.1,8.5
	2023-02-27,119,2.6,-4.4,11.5
	2023-02-28,119,3.6,-4.5,9.6
	2023-03-01,119,5.6,2.8,8.7
	2023-03-02,119,1.5,-1.6,5.7
	2023-03-03,119,4,-3.3,10.8
	2023-03-04,119,6.6,2.3,14.4
	2023-03-05,119,6,-1.2,15.3
	2023-03-06,119,7.1,-1.8,16.1
	2023-03-07,119,10.1,3.6,18.4
	2023-03-08,119,11.6,3.8,19
	2023-03-09,119,9.9,4.8,13.3
	2023-03-10,119,12.1,2.2,22.5
	2023-03-11,119,13.6,6.5,23.5
	2023-03-12,119,5.4,0.9,10.2
	2023-03-13,119,3,-1.4,7.6
	2023-03-14,119,8.6,2.4,15.3
	2023-03-15,119,8.5,3,17.4
	2023-03-16,119,4.5,0.1,8.9
	2023-03-17,119,6.4,-1.2,13.7
	2023-03-18,119,7,1.7,13.9
	2023-03-19,119,6.1,0.3,14.3
	2023-03-20,119,7,-1.6,16.6
	2023-03-21,119,10.7,1.4,21.3
	2023-03-22,119,15.6,4.9,24.9
	2023-03-23,119,15.8,11.4,22.2
	2023-03-24,119,10.9,6.5,16.4
	2023-03-25,119,10.7,6.4,16.8
	2023-03-26,119,8.4,3.4,14.4
	2023-03-27,119,6,0.1,13.6
	2023-03-28,119,7.8,1,15.2
	2023-03-29,119,9.9,1.7,19.8
	2023-03-30,119,11.2,2.6,20.6
	2023-03-31,119,11.8,3.4,21.8
	2023-04-01,119,14.7,4.8,25.3
	2023-04-02,119,17.1,8.9,23.7
	2023-04-03,119,17.4,7.4,24.6
	2023-04-04,119,17.1,12.4,22.5
	2023-04-05,119,11.9,8.5,15.1
	2023-04-06,119,8.3,6.5,9.5
	2023-04-07,119,7.9,3.9,14.8
	2023-04-08,119,7.6,1.5,13.9
	2023-04-09,119,9.8,2.1,18
	2023-04-10,119,12.4,4.1,19.2
	2023-04-11,119,12.7,7.8,18.2
	2023-04-12,119,8.9,2.3,15.2
	2023-04-13,119,11.3,3.7,18.4
	2023-04-14,119,15.3,9.2,22.8
	2023-04-15,119,11.8,7.4,16.3
	2023-04-16,119,10.4,6.5,16.2
	2023-04-17,119,13,5.1,19.2
	2023-04-18,119,14.3,10.9,17.7
	2023-04-19,119,18.3,11.4,28.2
	2023-04-20,119,15.7,12.3,19.9
	2023-04-21,119,16.8,11.9,22.8
	2023-04-22,119,16.7,12.7,21.4
	2023-04-23,119,15,9.4,21.1
	2023-04-24,119,14.4,9.5,20.6
	2023-04-25,119,10.2,7.1,12.5
	2023-04-26,119,9,5.5,11.9
	2023-04-27,119,11.5,3.3,20
	2023-04-28,119,14.9,6,21.7
	2023-04-29,119,12.6,9.3,15.4
	2023-04-30,119,12.8,7.1,18.7
	2023-05-01,119,13.7,8.9,20.1
	2023-05-02,119,15.9,6.3,24.1
	2023-05-03,119,18.4,9.8,25.8
	2023-05-04,119,20.4,13.8,26.7
	2023-05-05,119,19.3,17.9,20.9
	2023-05-06,119,12.9,12,19.1
	2023-05-07,119,12.4,7.6,16.8
	2023-05-08,119,13.1,5.1,20.7
	2023-05-09,119,14.8,6.7,22.6
	2023-05-10,119,16.2,8,25.3
	2023-05-11,119,17.5,8.9,26
	2023-05-12,119,16.8,10.5,24.3
	2023-05-13,119,16.7,10.8,23
	2023-05-14,119,16.9,10.5,23.1
	2023-05-15,119,19.4,11.1,27.4
	2023-05-16,119,22.1,14.8,30.4
	2023-05-17,119,22.1,14.6,28.2
	2023-05-18,119,20.5,18,24.7
	2023-05-19,119,20.9,15.4,25.9
	2023-05-20,119,20,15.6,26.2
	2023-05-21,119,17,15.1,20.8
	2023-05-22,119,18.6,14.5,25
	2023-05-23,119,18.5,12.4,25.3
	2023-05-24,119,18.9,11.8,25.5
	2023-05-25,119,20.2,14.4,26.2
	2023-05-26,119,20.6,15.8,26.2
	2023-05-27,119,18.9,17.4,20.2
	2023-05-28,119,19.1,17.6,20.1
	2023-05-29,119,21.8,19.1,26.6
	2023-05-30,119,22.4,18.7,27.6
	2023-05-31,119,21.8,18.2,27.5
	2023-06-01,119,21.7,17.8,26
	2023-06-02,119,18.8,15.6,23.9
	2023-06-03,119,20.3,13.9,26.9
	2023-06-04,119,20.6,14.2,26.9
	2023-06-05,119,20,15.8,24.8
	2023-06-06,119,19.5,14.6,24.7
	2023-06-07,119,21,18.3,25.6
	2023-06-08,119,20.2,16.8,24
	2023-06-09,119,22.7,18.1,28.1
	2023-06-10,119,23.1,19.5,28.1
	2023-06-11,119,22.2,18.3,27.9
	2023-06-12,119,21.1,16.2,27.2
	2023-06-13,119,21.1,17.8,26
	2023-06-14,119,20.8,17.2,26.5
	2023-06-15,119,21.1,16.1,26.7
	2023-06-16,119,22.1,16.9,28.4
	2023-06-17,119,22.6,16.2,29.7
	2023-06-18,119,23.7,18.8,31
	2023-06-19,119,26.3,19.3,33.6
	2023-06-20,119,23.4,19.3,25.7
	2023-06-21,119,20.2,18.3,23.5
	2023-06-22,119,21.9,18.6,25.8
	2023-06-23,119,23.7,19,28.7
	2023-06-24,119,24.9,20.2,30.7
	2023-06-25,119,26.9,20.6,31.9
	2023-06-26,119,24,21.2,26.4
	2023-06-27,119,25,21.2,29.8
	2023-06-28,119,25.4,22.6,29.3
	2023-06-29,119,23.9,22.7,25.1
	2023-06-30,119,25.1,22.7,29.2
	2023-07-01,119,26.1,21.2,31.2
	2023-07-02,119,25.3,21.2,30.5
	2023-07-03,119,27.7,22.1,34
	2023-07-04,119,25,23.6,28.3
	2023-07-05,119,23.6,21.6,26.6
	2023-07-06,119,26.3,21.1,31.7
	2023-07-07,119,25,22.1,30.6
	2023-07-08,119,24.5,20.5,29.5
	2023-07-09,119,25,21.8,28.4
	2023-07-10,119,26.3,22.3,30.9
	2023-07-11,119,23.7,21.9,25.7
	2023-07-12,119,25.9,23.2,29.8
	2023-07-13,119,24.8,24,25.9
	2023-07-14,119,24.4,23.9,25.1
	2023-07-15,119,24.1,23.1,25.8
	2023-07-16,119,24.3,22.8,26.4
	2023-07-17,119,24.8,23.1,27.5
	2023-07-18,119,24,22.3,26.4
	2023-07-19,119,25.7,20.9,31.4
	2023-07-20,119,26.1,21.5,31.7
	2023-07-21,119,28.1,21.4,34.2
	2023-07-22,119,26.1,23.4,31.6
	2023-07-23,119,24.5,23.8,25.1
	2023-07-24,119,26.1,23.6,29.9
	2023-07-25,119,26.8,24.4,30.1
	2023-07-26,119,27,24.4,30.9
	2023-07-27,119,27.7,23.4,32.6
	2023-07-28,119,28.8,24.5,33.9
	2023-07-29,119,29.1,24.6,33.4
	2023-07-30,119,28.1,24.1,34.4
	2023-07-31,119,27.9,24.3,32.6
	2023-08-01,119,29.2,24.8,34.4
	2023-08-02,119,28.3,24.7,33.4
	2023-08-03,119,28.3,23.5,33.5
	2023-08-04,119,29.2,25.4,33.9
	2023-08-05,119,29.1,25,34.1
	2023-08-06,119,28.5,25,34.5
	2023-08-07,119,30.2,26.2,34.9
	2023-08-08,119,30.9,26.5,34.8
	2023-08-09,119,28.6,24.1,31.9
	2023-08-10,119,21.9,20.8,24.3
	2023-08-11,119,24.3,21.6,26.6
	2023-08-12,119,23.7,21.5,26.3
	2023-08-13,119,27.1,22.6,31.7
	2023-08-14,119,27.6,23.6,32.6
	2023-08-15,119,27.6,24.3,32
	2023-08-16,119,27,24.1,31.6
	2023-08-17,119,27.1,22.4,32.4
	2023-08-18,119,28,24.1,32.9
	2023-08-19,119,27.7,24.3,32.9
	2023-08-20,119,27.5,24.1,32.4
	2023-08-21,119,28.9,24.8,33.5
	2023-08-22,119,28,25.5,32.2
	2023-08-23,119,24.7,22.6,27.7
	2023-08-24,119,25.8,22.7,29
	2023-08-25,119,25.8,23.1,28.9
	2023-08-26,119,25.1,21.7,29.7
	2023-08-27,119,25.8,21.5,29.5
	2023-08-28,119,23.8,20.6,25.8
	2023-08-29,119,23.7,21.6,26.9
	2023-08-30,119,21.8,20.5,25.1
	2023-08-31,119,22.7,19.9,28.2
	2023-09-01,119,23.7,18.3,29.7
	2023-09-02,119,24.8,18.4,31.3
	2023-09-03,119,25.7,22.6,29.7
	2023-09-04,119,26.8,23.7,30.2
	2023-09-05,119,27.1,22.8,32.5
	2023-09-06,119,27,22,31.7
	2023-09-07,119,25.8,19.9,31.2
	2023-09-08,119,24.1,18.3,30.6
	2023-09-09,119,24.7,20.1,31.1
	2023-09-10,119,24.5,20,30.4
	2023-09-11,119,24.6,21.5,30
	2023-09-12,119,24.8,20.1,30.2
	2023-09-13,119,21.4,19.5,24.3
	2023-09-14,119,23,19.1,26.1
	2023-09-15,119,22.1,20.4,23.4
	2023-09-16,119,23.8,21.8,26.7
	2023-09-17,119,24.7,22.1,29.1
	2023-09-18,119,24.2,20.8,29.3
	2023-09-19,119,23.3,20.3,28.1
	2023-09-20,119,20.7,18.8,22.5
	2023-09-21,119,19.7,15.8,22.4
	2023-09-22,119,19.7,13.9,26.2
	2023-09-23,119,21.3,16.1,25.7
	2023-09-24,119,21.2,15.9,24.9
	2023-09-25,119,21.6,18.8,25.8
	2023-09-26,119,20.1,18.8,21.2
	2023-09-27,119,21.1,20,23.4
	2023-09-28,119,21.8,18.5,26.5
	2023-09-29,119,20.5,17.9,26.3
	2023-09-30,119,18.7,16.3,23
	2023-10-01,119,17.1,12,23.4
	2023-10-02,119,16.9,10.1,24.4
	2023-10-03,119,16.8,11.6,23
	2023-10-04,119,17.6,12.3,23.9
	2023-10-05,119,14.5,11.4,19.3
	2023-10-06,119,14.3,8.2,20.8
	2023-10-07,119,16.1,10.3,20.7
	2023-10-08,119,17.3,13.9,20.1
	2023-10-09,119,17.4,13,23.2
	2023-10-10,119,16,11,23.3
	2023-10-11,119,16.6,11.7,23.8
	2023-10-12,119,16.6,10,24
	2023-10-13,119,16.8,13.1,22.2
	2023-10-14,119,14.2,11.6,18.3
	2023-10-15,119,15.3,10.2,21
	2023-10-16,119,13.7,7.8,19
	2023-10-17,119,12.4,5,20.7
	2023-10-18,119,14.7,7.2,21.5
	2023-10-19,119,15.4,13.9,17
	2023-10-20,119,11.9,7.4,15.5
	2023-10-21,119,9.6,3.8,16.8
	2023-10-22,119,11.3,3,18.5
	2023-10-23,119,14,9.5,20.7
	2023-10-24,119,13.7,9.3,18.9
	2023-10-25,119,14.9,9.1,21.8
	2023-10-26,119,17.4,12.9,21.9
	2023-10-27,119,14.7,10.8,20.3
	2023-10-28,119,13.2,7.9,20.8
	2023-10-29,119,13.5,7.2,21.8
	2023-10-30,119,13.6,7.8,21.6
	2023-10-31,119,15,9.7,20.5
	2023-11-01,119,17.9,14.4,21
	2023-11-02,119,19.5,15.3,26.2
	2023-11-03,119,18.7,15.2,23.1
	2023-11-04,119,18.1,14.4,21
	2023-11-05,119,18.2,15.2,21.2
	2023-11-06,119,14,7.6,19.4
	2023-11-07,119,5.9,2.2,9.2
	2023-11-08,119,7.7,0.8,16.2
	2023-11-09,119,11.8,4.4,19
	2023-11-10,119,3.9,0,10.6
	2023-11-11,119,1.9,-1.7,7.1
	2023-11-12,119,1.6,-1.9,5.7
	2023-11-13,119,1.9,-2.5,7.5
	2023-11-14,119,4.2,-2,10.8
	2023-11-15,119,6.1,0.7,11.5
	2023-11-16,119,6,4.3,7.3
	2023-11-17,119,1.7,-1.4,6.8
	2023-11-18,119,1,-3.1,6
	2023-11-19,119,6.3,-1.4,14.4
	2023-11-20,119,5.1,-0.5,12.7
	2023-11-21,119,5.8,-0.9,14.8
	2023-11-22,119,8.1,0.6,13.5
	2023-11-23,119,10.1,3.5,14.6
	2023-11-24,119,-0.4,-3.6,3.5
	2023-11-25,119,-1.4,-5.9,4.1
	2023-11-26,119,3.7,-1.1,7.1
	2023-11-27,119,6.5,4,9.6
	2023-11-28,119,1.8,-1,6.7
	2023-11-29,119,-0.2,-3.3,4.6
	2023-11-30,119,-3.5,-6.5,0.3
	2023-12-01,119,-2.9,-7.4,1.4
	2023-12-02,119,2.3,-4.2,8.3
	2023-12-03,119,0.2,-3.8,6.7
	2023-12-04,119,1.9,-5.2,8.4
	2023-12-05,119,5.7,1.5,11.9
	2023-12-06,119,5.8,0.5,9.7
	2023-12-07,119,6.3,-0.4,11.7
	2023-12-08,119,11.3,4.8,17.6
	2023-12-09,119,11.8,8.2,17.1
	2023-12-10,119,12.2,7.1,16.8
	2023-12-11,119,9.9,5.7,13
	2023-12-12,119,5.7,2,9.9
	2023-12-13,119,7.1,0.4,11.2
	2023-12-14,119,9.1,8.2,9.8
	2023-12-15,119,5.8,4.1,8.5
	2023-12-16,119,-3.4,-9,4.3
	2023-12-17,119,-9,-11.3,-5.7
	2023-12-18,119,-6.9,-12.3,-3.7
	2023-12-19,119,-3,-7.6,0.4
	2023-12-20,119,-7.1,-11.1,-2.5
	2023-12-21,119,-10.7,-13.1,-7.5
	2023-12-22,119,-11.1,-13.7,-6.9
	2023-12-23,119,-6.4,-13.3,-0.8
	2023-12-24,119,-2.5,-5.9,2.9
	2023-12-25,119,-1.8,-5.4,3.1
	2023-12-26,119,0.7,-5.4,6.5
	2023-12-27,119,0.4,-4.1,7.1
	2023-12-28,119,0.1,-4.2,5.5
	2023-12-29,119,0.6,-2.8,4.9
	2023-12-30,119,0.8,-2.3,2.5
	2023-12-31,119,2.2,-1.2,4.7
	2024-01-01,119,2.1,-2.2,6.5
	2024-01-02,119,2.5,0.4,4.8
	2024-01-03,119,1.1,-0.8,3.8
	2024-01-04,119,1.2,-4.7,5.5
	2024-01-05,119,4.1,0,9.3
	2024-01-06,119,0.4,-3.6,5
	2024-01-07,119,-4.1,-7.5,-1
	2024-01-08,119,-4.6,-10.4,0
	2024-01-09,119,-0.4,-2.5,0.5
	2024-01-10,119,-1.3,-3.6,2
	2024-01-11,119,0.8,-2.9,4
	2024-01-12,119,0.8,-2.5,5.3
	2024-01-13,119,-0.2,-5.2,6.3
	2024-01-14,119,-0.7,-4.5,3.1
	2024-01-15,119,-3.2,-6.2,1.9
	2024-01-16,119,-2.7,-8.2,3.2
	2024-01-17,119,0.9,-4.5,2.6
	2024-01-18,119,4.9,1,8.8
	2024-01-19,119,6.4,4.8,9.5
	2024-01-20,119,3.8,1.8,5.7
	2024-01-21,119,1.9,-2,4.8
	2024-01-22,119,-7.8,-11.2,-2
	2024-01-23,119,-10.8,-13.1,-8
	2024-01-24,119,-7.2,-11.3,-3.5
	2024-01-25,119,-5.1,-9.4,-0.6
	2024-01-26,119,-2.4,-8.4,3.8
	2024-01-27,119,-1.5,-6.7,4.7
	2024-01-28,119,-1.9,-6.2,3.9
	2024-01-29,119,-1.1,-6.2,4.7
	2024-01-30,119,0.2,-5.8,7.7
	2024-01-31,119,4.2,-1.7,11.5
	2024-02-01,119,1.9,-0.5,6.7
	2024-02-02,119,1.3,-2.2,5.9
	2024-02-03,119,3.2,-3.3,8.2
	2024-02-04,119,6.5,1.5,10.9
	2024-02-05,119,2.8,0.6,7.6
	2024-02-06,119,1.5,0.4,3.7
	2024-02-07,119,0,-2.4,2.9
	2024-02-08,119,-0.4,-4.8,5.6
	2024-02-09,119,0,-4.1,5.8
	2024-02-10,119,0.5,-3.7,7
	2024-02-11,119,0.3,-5,6
	2024-02-12,119,2.8,-3.7,10.6
	2024-02-13,119,7.6,-0.1,14.1
	2024-02-14,119,11.6,7.5,18
	2024-02-15,119,4.1,0.1,10.4
	2024-02-16,119,1.3,-3.3,7.7
	2024-02-17,119,3.2,-3.3,11.8
	2024-02-18,119,5.9,-1.1,10
	2024-02-19,119,8.3,4.1,11.8
	2024-02-20,119,5,2.9,7.6
	2024-02-21,119,2.9,0.8,4.9
	2024-02-22,119,0.8,-0.1,2
	2024-02-23,119,2.5,-0.3,6.2
	2024-02-24,119,2.2,-0.1,6
	2024-02-25,119,2.6,-0.1,6.2
	2024-02-26,119,3,-2.3,9.5
	2024-02-27,119,5.4,0.5,9.2
	2024-02-28,119,5.9,3.6,10
	2024-02-29,119,4.6,0.9,9.5
	2024-03-01,119,-3.3,-6.5,0.9
	2024-03-02,119,-0.7,-8.5,4.4
	2024-03-03,119,3.9,-0.7,9.3
	2024-03-04,119,5.1,-2.3,11.2
	2024-03-05,119,8.3,6.1,10.7
	2024-03-06,119,6.3,2.7,11.2
	2024-03-07,119,4.3,1.7,7.9
	2024-03-08,119,2.4,-1,6.3
	2024-03-09,119,1.3,-3.7,6.4
	2024-03-10,119,3.1,-4.2,10.8
	2024-03-11,119,5.9,0.5,11.2
	2024-03-12,119,5.7,2.1,10.5
	2024-03-13,119,5.2,-0.8,11.5
	2024-03-14,119,7.1,0.7,14.8
	2024-03-15,119,7.6,1.5,14.6
	2024-03-16,119,9.5,1.7,18.4
	2024-03-17,119,8.5,4.6,11.8
	2024-03-18,119,6.3,-0.2,13.2
	2024-03-19,119,5.8,3.2,9.9
	2024-03-20,119,4.1,1,7.9
	2024-03-21,119,4.3,-2.4,10.6
	2024-03-22,119,10.4,2.5,15.7
	2024-03-23,119,12.9,8.8,18.8
	2024-03-24,119,15.1,7.4,22.5
	2024-03-25,119,10.5,7.3,14.2
	2024-03-26,119,7,3.4,11.1
	2024-03-27,119,9.5,3.1,16.2
	2024-03-28,119,9.7,7.7,11.5
	2024-03-29,119,7.4,3.9,11.7
	2024-03-30,119,8.4,1.4,18.1
	2024-03-31,119,9.7,1.2,16.9
	2024-04-01,119,10.6,3,18.3
	2024-04-02,119,14.3,4.4,23.3
	2024-04-03,119,14.7,12.8,16.3
	2024-04-04,119,15,11.4,19.2
	2024-04-05,119,13,8.2,17.9
	2024-04-06,119,10.7,5.1,17.5
	2024-04-07,119,13,4.2,22.8
	2024-04-08,119,14,8.3,21.5
	2024-04-09,119,14.4,8.1,20
	2024-04-10,119,13.2,9.6,18.7
	2024-04-11,119,14.7,10.4,21.1
	2024-04-12,119,16,9,23.5
	2024-04-13,119,16.9,9,26.3
	2024-04-14,119,18.6,9.5,27.9
	2024-04-15,119,15.1,10.7,19.4
	2024-04-16,119,12.8,9.3,18.1
	2024-04-17,119,13.7,8,21
	2024-04-18,119,15,7.6,23.2
	2024-04-19,119,15.8,8,23.7
	2024-04-20,119,14.2,13.1,16.1
	2024-04-21,119,17,13.2,19.8
	2024-04-22,119,18.3,14.1,23.4
	2024-04-23,119,16.3,12.3,22.8
	2024-04-24,119,13.1,10.5,17.5
	2024-04-25,119,13.5,9.7,21.1
	2024-04-26,119,16.3,9.2,24.4
	2024-04-27,119,15.7,8.7,24.6
	2024-04-28,119,18.3,8.7,27.7
	2024-04-29,119,19.1,14.7,23.4
	2024-04-30,119,16.2,12.4,20.9
	2024-05-01,119,16.7,11.8,22.5
	2024-05-02,119,16.1,10.3,22.3
	2024-05-03,119,16.8,8.7,26
	2024-05-04,119,19.1,10.6,27.3
	2024-05-05,119,17.2,15.3,19.3
	2024-05-06,119,14.2,13.3,15.5
	2024-05-07,119,12.9,10.9,14.6
	2024-05-08,119,13.9,7.7,20.2
	2024-05-09,119,15.2,8.4,21.7
	2024-05-10,119,16.7,10.9,23.6
	2024-05-11,119,16.5,10.6,23
	2024-05-12,119,15.6,10.6,21.4
	2024-05-13,119,16.9,9.4,23.6
	2024-05-14,119,17.2,10,24.4
	2024-05-15,119,12.2,7.4,19.2
	2024-05-16,119,13.2,6.9,19.5
	2024-05-17,119,17.4,10.8,24.4
	2024-05-18,119,19.1,12.1,26
	2024-05-19,119,20,13.7,26.7
	2024-05-20,119,18.5,14.5,23.1
	2024-05-21,119,19.7,15.2,27
	2024-05-22,119,18.6,14.6,24.9
	2024-05-23,119,18.7,13.6,25.3
	2024-05-24,119,18.5,14.6,23.6
	2024-05-25,119,19.8,15.8,23.7
	2024-05-26,119,19,16,23.2
	2024-05-27,119,17.2,13.9,21.6
	2024-05-28,119,18.8,12.4,25.2
	2024-05-29,119,19.6,12.8,25.8
	2024-05-30,119,19.9,14.6,25.3
	2024-05-31,119,19.2,14,24.4
	2024-06-01,119,19,15.1,24
	2024-06-02,119,19.2,12.8,25.1
	2024-06-03,119,20.9,13.1,27.1
	2024-06-04,119,21.4,14.6,27.7
	2024-06-05,119,20.9,15.2,28.3
	2024-06-06,119,21.7,16.7,29.6
	2024-06-07,119,21.5,15.3,27
	2024-06-08,119,19.8,16.8,24.6
	2024-06-09,119,21.7,16.8,28
	2024-06-10,119,23.5,16.8,30.2
	2024-06-11,119,23.9,19.2,30.4
	2024-06-12,119,23.2,16.6,31.2
	2024-06-13,119,24,17.5,31
	2024-06-14,119,24.4,18.4,32.1
	2024-06-15,119,23.4,20,27.7
	2024-06-16,119,22.6,18.4,27.9
	2024-06-17,119,22.8,15.6,29.4
	2024-06-18,119,23.9,17.1,30.7
	2024-06-19,119,26.8,18.6,35.1
	2024-06-20,119,26.8,19.7,33
	2024-06-21,119,25.5,19,30.9
	2024-06-22,119,22.9,21.6,25.4
	2024-06-23,119,24.3,21.6,28.6
	2024-06-24,119,23.1,19,27.4
	2024-06-25,119,21.8,18,26
	2024-06-26,119,22.9,16.7,29.4
	2024-06-27,119,23.9,17.6,29.2
	2024-06-28,119,24.4,18.1,30.3
	2024-06-29,119,24.7,19.6,30.1
	2024-06-30,119,23.4,21.1,25.3
	2024-07-01,119,25,20.5,30.4
	2024-07-02,119,23,21.2,24.8
	2024-07-03,119,24.8,23.5,27.2
	2024-07-04,119,26.4,22.6,30.5
	2024-07-05,119,22.9,20.8,26.1
	2024-07-06,119,25.5,21.6,30.5
	2024-07-07,119,23.3,20.8,24.9
	2024-07-08,119,23.5,22.7,24.4
	2024-07-09,119,23.2,21.7,24.5
	2024-07-10,119,25.9,21.7,31.9
	2024-07-11,119,23.9,21.3,28
	2024-07-12,119,24.4,20.5,29.8
	2024-07-13,119,26.5,21.6,32.4
	2024-07-14,119,27.5,23.6,31.1
	2024-07-15,119,27.5,24.7,30.9
	2024-07-16,119,25.8,23.8,30.1
	2024-07-17,119,26.5,23.1,29.6
	2024-07-18,119,24.3,22.5,26.8
	2024-07-19,119,26.5,24,30.9
	2024-07-20,119,26.4,23.5,29.8
	2024-07-21,119,27.1,24,30.5
	2024-07-22,119,27.7,25.6,29.8
	2024-07-23,119,25.7,24.5,27.4
	2024-07-24,119,27.5,24.6,31.8
	2024-07-25,119,28.8,25.6,33.3
	2024-07-26,119,28.8,25.5,33.2
	2024-07-27,119,28.2,26.5,32
	2024-07-28,119,29,26.7,32.7
	2024-07-29,119,27.4,25.9,29
	2024-07-30,119,28,25.9,32.3
	2024-07-31,119,28.8,26,33.4
	2024-08-01,119,29.3,26.2,33.4
	2024-08-02,119,29.2,26.7,33.2
	2024-08-03,119,29.5,26.1,34.3
	2024-08-04,119,30,24.9,35.7
	2024-08-05,119,29.4,25.2,35.2
	2024-08-06,119,27.7,23.1,33.1
	2024-08-07,119,29.2,25.4,33.7
	2024-08-08,119,26.9,23.9,30.9
	2024-08-09,119,27.8,23.7,32.8
	2024-08-10,119,28.9,24.6,33.6
	2024-08-11,119,29.6,26.2,33.5
	2024-08-12,119,30,26.3,34.7
	2024-08-13,119,29,26.7,34.3
	2024-08-14,119,29.5,26.4,34.6
	2024-08-15,119,29.2,25.6,34.5
	2024-08-16,119,29.2,25.3,33.7
	2024-08-17,119,29.7,26.8,34.5
	2024-08-18,119,28.5,25.8,33.7
	2024-08-19,119,29.4,25.5,34.6
	2024-08-20,119,30.4,26.3,34.3
	2024-08-21,119,27.5,26,30.1
	2024-08-22,119,27.9,25.8,30.6
	2024-08-23,119,26.8,24.5,30.8
	2024-08-24,119,27.3,24.8,31.3
	2024-08-25,119,27.3,23.7,32.2
	2024-08-26,119,27.3,24.6,30.6
	2024-08-27,119,26.1,24.6,29
	2024-08-28,119,27.8,21.9,32.4
	2024-08-29,119,28,23.1,32.5
	2024-08-30,119,27.2,23,32.6
	2024-08-31,119,26.1,21.2,31.9
	2024-09-01,119,25.8,22.8,30.9
	2024-09-02,119,24.7,21.5,28.2
	2024-09-03,119,26.9,23.5,31
	2024-09-04,119,26.8,22.4,31.8
	2024-09-05,119,26.3,24,29.7
	2024-09-06,119,24.3,23.3,26.3
	2024-09-07,119,25.9,22.4,30.8
	2024-09-08,119,25.9,21.7,31.6
	2024-09-09,119,27.5,22.4,33
	2024-09-10,119,28.3,24.1,33.8
	2024-09-11,119,27.1,24.1,33.9
	2024-09-12,119,25.7,25,26.5
	2024-09-13,119,26.3,24.7,29.4
	2024-09-14,119,27,24.8,31
	2024-09-15,119,27.5,23.8,32.3
	2024-09-16,119,27.6,23.3,32.3
	2024-09-17,119,28.8,26.1,33.6
	2024-09-18,119,29.1,25.2,34
	2024-09-19,119,28.4,25.4,33
	2024-09-20,119,24.8,19.6,27.7
	2024-09-21,119,19.4,17.1,22.1
	2024-09-22,119,21,16.5,25.4
	2024-09-23,119,20.5,15.9,25.6
	2024-09-24,119,20.5,15.7,26.1
	2024-09-25,119,23,17.4,27.7
	2024-09-26,119,23.1,20,27.9
	2024-09-27,119,22.5,17.9,27.6
	2024-09-28,119,23.6,19.6,27.9
	2024-09-29,119,23.7,19.5,28.4
	2024-09-30,119,22.3,17.5,28.3
	2024-10-01,119,17.7,12.3,20.5
	2024-10-02,119,13.9,10,19.3
	2024-10-03,119,14.5,8,21.5
	2024-10-04,119,16.1,10.1,23.5
	2024-10-05,119,16.7,10.3,23.9
	2024-10-06,119,15.3,11.2,18.1
	2024-10-07,119,16.6,13.5,20.6
	2024-10-08,119,17,11.7,23
	2024-10-09,119,17.9,12.8,23.6
	2024-10-10,119,17.9,14.2,23.8
	2024-10-11,119,17.2,12.5,23.8
	2024-10-12,119,16.6,11.5,23.9
	2024-10-13,119,17.5,10.2,22.7
	2024-10-14,119,19,16.7,21.3
	2024-10-15,119,18.5,16.2,21.5
	2024-10-16,119,17.3,13.7,24.1
	2024-10-17,119,18.6,12.7,24.8
	2024-10-18,119,17.8,16.9,19.2
	2024-10-19,119,16.9,12.9,20.6
	2024-10-20,119,13.5,10.9,17.4
	2024-10-21,119,14.8,9.3,19.5
	2024-10-22,119,15.7,14.6,16.7
	2024-10-23,119,12.8,8.7,16
	2024-10-24,119,11.6,5.6,18.1
	2024-10-25,119,14.1,7.3,21.4
	2024-10-26,119,16.5,9.2,23.1
	2024-10-27,119,15.4,12.8,19.3
	2024-10-28,119,16,11.6,19.8
	2024-10-29,119,15.5,13.4,19.3
	2024-10-30,119,14.7,9.9,21.6
	2024-10-31,119,14.9,9.1,22.6
	2024-11-01,119,14.6,11.3,18.1
	2024-11-02,119,17.1,11,24.1
	2024-11-03,119,16.9,12,23.1
	2024-11-04,119,14.6,8.5,19.6
	2024-11-05,119,9.4,5.4,15
	2024-11-06,119,6.8,1.9,12.5
	2024-11-07,119,6.8,-0.1,15.5
	2024-11-08,119,8.9,1.3,18.2
	2024-11-09,119,11.9,5.3,20.1
	2024-11-10,119,13.1,8.6,20.7
	2024-11-11,119,13,7.3,20.8
	2024-11-12,119,13.1,8.6,18.8
	2024-11-13,119,12.8,6.3,20
	2024-11-14,119,14.7,11.1,17.9
	2024-11-15,119,15.9,12.3,20.5
	2024-11-16,119,16.8,13.3,22.2
	2024-11-17,119,7.6,3,15.1
	2024-11-18,119,2.7,-1.4,7.6
	2024-11-19,119,4.3,-2,12
	2024-11-20,119,5.4,-0.1,9.3
	2024-11-21,119,9,3.4,13.6
	2024-11-22,119,6,1.6,10.4
	2024-11-23,119,5,-1.1,12.5
	2024-11-24,119,5.9,-0.4,13.6
	2024-11-25,119,10,1.1,16.2
	2024-11-26,119,6.5,2,12.7
	2024-11-27,119,-0.1,-1.4,3.8
	2024-11-28,119,0.8,-1.4,3.5
	2024-11-29,119,-0.6,-5.2,4.2
	2024-11-30,119,0.9,-3.4,4.2
	2024-12-01,119,3.4,-2.4,8.9
	2024-12-02,119,5.2,1.3,12.3
	2024-12-03,119,0.9,-2.1,4.4
	2024-12-04,119,1.9,-2.3,7.1
	2024-12-05,119,3.1,-1.8,7.6
	2024-12-06,119,2.1,-0.9,5.6
	2024-12-07,119,-0.2,-4.2,4.2
	2024-12-08,119,-0.9,-4.6,4.3
	2024-12-09,119,0,-5.6,6.9
	2024-12-10,119,1.2,-4.2,6.7
	2024-12-11,119,2.2,-0.9,7.5
	2024-12-12,119,0,-4.6,4.9
	2024-12-13,119,0.7,-1.7,4.5
	2024-12-14,119,-1.2,-5.6,2.8
	2024-12-15,119,0.6,-2.5,6.2
	2024-12-16,119,-0.3,-4.7,3.5
	2024-12-17,119,-1.4,-5.5,2.9
	2024-12-18,119,-3.6,-7.2,0
	2024-12-19,119,-2.6,-8.7,3.8
	2024-12-20,119,0.2,-3.5,3
	2024-12-21,119,-0.7,-4.4,1.5
	2024-12-22,119,-3.8,-6.8,1
	2024-12-23,119,-0.9,-7.2,6.5
	2024-12-24,119,-1.1,-5.8,4.6
	2024-12-25,119,1.7,-3,6.5
	2024-12-26,119,0.4,-4.8,4.6
	2024-12-27,119,-2.5,-6.4,1.7
	2024-12-28,119,-3.1,-6.9,0.6
	2024-12-29,119,0.9,-4.9,5.7
	2024-12-30,119,5.2,1.4,10.2
	2024-12-31,119,0.1,-3.9,4.9
	2025-01-01,119,1.3,-4.4,8.9
	2025-01-02,119,-0.2,-5.1,5.6
	2025-01-03,119,-1.7,-6.1,2.7
	2025-01-04,119,-1.3,-7.9,5.1
	2025-01-05,119,1.5,-2.8,3.1
	2025-01-06,119,0.8,-3,3.2
	2025-01-07,119,-2,-5.1,1.8
	2025-01-08,119,-3.4,-6.4,0.8
	2025-01-09,119,-9.4,-11.9,-5.8
	2025-01-10,119,-7.1,-12.4,-2.3
	2025-01-11,119,-5.8,-10.2,-0.2
	2025-01-12,119,-4.1,-10.2,2.9
	2025-01-13,119,-0.9,-7.8,4.6
	2025-01-14,119,2.1,-1.2,6.8
	2025-01-15,119,-3.4,-6.1,-0.7
	2025-01-16,119,-1,-6.6,3.7
	2025-01-17,119,-1.4,-6.2,4.9
	2025-01-18,119,-0.8,-6.8,7.5
	2025-01-19,119,1.7,-4.9,8.1
	2025-01-20,119,2.1,-1.1,5.9
	2025-01-21,119,0.6,-1.5,5.2
	2025-01-22,119,1.4,-2.2,6.2
	2025-01-23,119,0,-4.6,7.7
	2025-01-24,119,1.2,-5.9,10.4
	2025-01-25,119,3.5,-3.6,10.6
	2025-01-26,119,4.3,1.9,7.3
	2025-01-27,119,-0.5,-2.5,4.3
	2025-01-28,119,-3.6,-5.4,-2.2
	2025-01-29,119,-5.1,-8.2,-1.4
	2025-01-30,119,-3.4,-7.7,0.8
	2025-01-31,119,-0.1,-2.7,1.2
	2025-02-01,119,1.3,-2,6.1
	2025-02-02,119,0.6,-4.9,7
	2025-02-03,119,-3.6,-7.8,0.9
	2025-02-04,119,-8.5,-10.8,-5.5
	2025-02-05,119,-8.1,-12.4,-3.3
	2025-02-06,119,-5.9,-12.5,-0.7
	2025-02-07,119,-7.9,-10.6,-4.9
	2025-02-08,119,-8,-12,-3.5
	2025-02-09,119,-5.4,-11.9,0.7
	2025-02-10,119,-4.2,-9.5,1.9
	2025-02-11,119,-0.7,-7.7,6.1
	2025-02-12,119,0.3,-2.4,2.7
	2025-02-13,119,0,-6.2,5.5
	2025-02-14,119,2.2,-4,9.5
	2025-02-15,119,1.9,-3,7.6
	2025-02-16,119,2.9,-1.9,9.9
	2025-02-17,119,-0.1,-3.4,3.2
	2025-02-18,119,-1.9,-4.5,2
	2025-02-19,119,-3.3,-8.1,0.9
	2025-02-20,119,-3,-8.5,1.5
	2025-02-21,119,-2.7,-8.4,1.4
	2025-02-22,119,-2.4,-6.4,1.3
	2025-02-23,119,-4,-8.6,-0.1
	2025-02-24,119,-2.2,-8.9,2.9
	2025-02-25,119,1.2,-5.6,6.2
	2025-02-26,119,2.9,-2.2,8.3
	2025-02-27,119,4,-4.9,13.9
	2025-02-28,119,6.1,-0.1,13.2
	2025-03-01,119,7.1,-0.3,13
	2025-03-02,119,8.9,2.8,16.8
	2025-03-03,119,3.2,0.8,6.4
	2025-03-04,119,2.6,0.4,3.9
	2025-03-05,119,4.9,2.3,7.8
	2025-03-06,119,3.5,-1.1,9.4
	2025-03-07,119,3.9,-2.1,10.5
	2025-03-08,119,4.7,0.3,10.2
	2025-03-09,119,5.1,0.2,12.9
	2025-03-10,119,6.2,-0.1,14.3
	2025-03-11,119,7.5,0.1,16.3
	2025-03-12,119,7.2,3.8,12.4
	2025-03-13,119,8,2.7,15
	2025-03-14,119,11.3,2.1,19.2
	2025-03-15,119,11.4,8.9,15.8
	2025-03-16,119,4.7,1.3,8.8
	2025-03-17,119,2.6,-1.2,6.3
	2025-03-18,119,2,0.2,5.2
	2025-03-19,119,1.7,-3.4,6.1
	2025-03-20,119,7.1,-0.3,15
	2025-03-21,119,10.4,4.1,18.7
	2025-03-22,119,12,4.6,20.9
	2025-03-23,119,13.8,4.2,23.6
	2025-03-24,119,14,9.8,20.1
	2025-03-25,119,12.3,7.6,22.4
	2025-03-26,119,14.7,4.3,24.9
	2025-03-27,119,13.2,7,17.9
	2025-03-28,119,6.6,2.6,12
	2025-03-29,119,2.3,-1.7,6.7
	2025-03-30,119,3.3,-3,8.1
	2025-03-31,119,7.2,2.3,13.4
	2025-04-01,119,8.5,1.8,16.3
	2025-04-02,119,7.8,2.3,14.6
	2025-04-03,119,8.3,2.2,15.4
	2025-04-04,119,9.1,3.6,16.5
	2025-04-05,119,8.1,6.9,9.3
	2025-04-06,119,9.4,6,15.3
	2025-04-07,119,12.4,2.9,19.9
	2025-04-08,119,12.4,7.6,17.1
	2025-04-09,119,11.6,5.4,17.4
	2025-04-10,119,11.9,7.7,17.3
	2025-04-11,119,13.9,5.2,23.1
	2025-04-12,119,11.5,0.9,22.2
	2025-04-13,119,5.6,0.4,8.9
	2025-04-14,119,4.5,1.6,6.8
	2025-04-15,119,7.3,1,12.8
	2025-04-16,119,13.8,4.6,22
	2025-04-17,119,19.3,13.6,24.9
	2025-04-18,119,16.8,13.4,22.8
	2025-04-19,119,15.7,10.9,22.6
	2025-04-20,119,15.7,10,23.7
	2025-04-21,119,19.3,11.8,26.1
	2025-04-22,119,17.3,14.8,18.7
	2025-04-23,119,15.7,10.3,23
	2025-04-24,119,13,8.8,18.5
	2025-04-25,119,11.2,5.3,16.9
	2025-04-26,119,13,5.6,19.7
	2025-04-27,119,14.8,8,20.8
	2025-04-28,119,13.5,8.4,19.1
	2025-04-29,119,13.1,5.2,20.4
	2025-04-30,119,17.2,7.6,25.7
	2025-05-01,119,13.1,9.3,17.7
	2025-05-02,119,12.3,7.6,17.2
	2025-05-03,119,9.9,7.8,13.5
	2025-05-04,119,12.5,6.2,19.7
	2025-05-05,119,12,6.7,15.8
	2025-05-06,119,12.8,6.7,18.3
	2025-05-07,119,13.2,7.8,19.7
	2025-05-08,119,15.9,7.5,24.1
	2025-05-09,119,15.2,14,16.5
	2025-05-10,119,11.9,10.6,15.5
	2025-05-11,119,14.1,9.8,20.4
	2025-05-12,119,16,8.5,23.1
	2025-05-13,119,18.6,10.9,25.7
	2025-05-14,119,19.8,10.6,25.7
	2025-05-15,119,18.9,16.4,20.6
	2025-05-16,119,19.8,18.2,23.7
	2025-05-17,119,18,13.8,24.5
	2025-05-18,119,15.2,10.6,20.8
	2025-05-19,119,16.1,8.7,20.2
	2025-05-20,119,22.9,18.9,28.2
	2025-05-21,119,24,19.4,29.3
	2025-05-22,119,21.4,18.3,27.1
	2025-05-23,119,19.2,15,21.9
	2025-05-24,119,14.7,13.1,17.4
	2025-05-25,119,15.8,9.2,21.2
	2025-05-26,119,18,10.8,25.8
	2025-05-27,119,18.7,12.3,26
	2025-05-28,119,19.5,14.6,26.2
	2025-05-29,119,19.5,13.1,25.9
	2025-05-30,119,19.9,13.2,27.5
	2025-05-31,119,19.4,14.3,24.9
	2025-06-01,119,20.3,14.2,27.7
	2025-06-02,119,19.4,16.8,23.5
	2025-06-03,119,19.3,14.9,23.7
	2025-06-04,119,18.8,13.3,24.7
	2025-06-05,119,20.3,12.8,26.7
	2025-06-06,119,23,16.4,29
	2025-06-07,119,22.7,16.7,28.2
	2025-06-08,119,23.9,20.1,29.6
	2025-06-09,119,23,18.8,29.2
	2025-06-10,119,19.9,16.1,24.1
	2025-06-11,119,20.9,13.4,27.3
	2025-06-12,119,23.4,15.3,31
	2025-06-13,119,22,18.2,27.8
	2025-06-14,119,23.5,19,30.9
	2025-06-15,119,24.8,18.9,31.3
	2025-06-16,119,22.8,21.1,25.4
	2025-06-17,119,23.5,19.8,28.3
	2025-06-18,119,24.4,20.2,30.3
	2025-06-19,119,26.8,18.9,32.7
	2025-06-20,119,23.7,22.1,27.7
	2025-06-21,119,21.2,20.2,22.6
	2025-06-22,119,21.8,16.5,27.4
	2025-06-23,119,24.2,17,31.5
	2025-06-24,119,24.2,20.2,28.5
	2025-06-25,119,20.5,19.4,22.5
	2025-06-26,119,21.2,19.1,25.6
	2025-06-27,119,24.5,19.1,29
	2025-06-28,119,26,23.6,28.9
	2025-06-29,119,26.8,24.3,31.1
	2025-06-30,119,27.4,23.7,30.9
	2025-07-01,119,27.6,25.4,31.8
	2025-07-02,119,27.7,25.1,30.9
	2025-07-03,119,27.4,25.3,31.5
	2025-07-04,119,26.6,24.3,29.6
	2025-07-05,119,27.7,24.9,31.6
	2025-07-06,119,27.9,25.1,32.2
	2025-07-07,119,28.2,25.7,32.6
	2025-07-08,119,29.2,24.9,36.7
	2025-07-09,119,30.8,26.2,34.7
	2025-07-10,119,30.5,25.7,34.7
	2025-07-11,119,29.4,24.4,34.2
	,,,,
